id,name,category,sku,upc,size,color,condition,quantity,buy_price,expected_sell_price,actual_sell_price,status,platform,vendor_name,notes,photo_front_url,photo_back_url,front_image_formula,back_image_formula,size_breakdown,source,external_id,created_at,updated_at
78cd7439-7d6d-417a-9640-2f595f93399d,Essentials Tee Showcase Size Run,Streetwear,SHOW-TEE-SIZERUN,,,Cream,New,9,18.00,42.00,,in_stock,Depop,Hype Collective,Showcase apparel item with multiple sizes,https://placehold.co/720x720/12122A/FFFFFF.png?text=Essentials+Tee+Showcase+Size+Front,https://placehold.co/720x720/1E1E40/FFFFFF.png?text=Essentials+Tee+Showcase+Size+Back,"=IMAGE(""https://placehold.co/720x720/12122A/FFFFFF.png?text=Essentials+Tee+Showcase+Size+Front"")","=IMAGE(""https://placehold.co/720x720/1E1E40/FFFFFF.png?text=Essentials+Tee+Showcase+Size+Back"")",S (2); M (3); L (2); XL (2),manual,,2026-04-25T05:01:55.224690-04:00,2026-04-25T05:01:55.224691-04:00
27d699c6-296d-4400-b6af-f8184f726e8d,Air Jordan 1 Retro High Showcase Size Run,Sneakers,SHOW-AJ1-SIZERUN,,,Black/Red/White,New,7,150.00,340.00,,in_stock,StockX,Kick Game Supply,Showcase inventory item with per-size stock,https://placehold.co/720x720/12122A/FFFFFF.png?text=Air+Jordan+1+Retro+High+Show+Front,https://placehold.co/720x720/1E1E40/FFFFFF.png?text=Air+Jordan+1+Retro+High+Show+Back,"=IMAGE(""https://placehold.co/720x720/12122A/FFFFFF.png?text=Air+Jordan+1+Retro+High+Show+Front"")","=IMAGE(""https://placehold.co/720x720/1E1E40/FFFFFF.png?text=Air+Jordan+1+Retro+High+Show+Back"")",US 8 (2); US 8.5 (1); US 9 (3); US 10 (1),manual,,2026-04-25T05:01:55.224688-04:00,2026-04-25T05:01:55.224689-04:00
18694a42-e9f2-4170-92f4-f5327abd8f3d,JBL Flip 6 Bluetooth Speaker,Audio,JBL-FLP6-BLK,,,Black,Good,4,42.00,75.00,,in_stock,Amazon,Audio Surplus,,https://placehold.co/720x720/12122A/FFFFFF.png?text=JBL+Flip+6+Bluetooth+Speaker+Front,https://placehold.co/720x720/1E1E40/FFFFFF.png?text=JBL+Flip+6+Bluetooth+Speaker+Back,"=IMAGE(""https://placehold.co/720x720/12122A/FFFFFF.png?text=JBL+Flip+6+Bluetooth+Speaker+Front"")","=IMAGE(""https://placehold.co/720x720/1E1E40/FFFFFF.png?text=JBL+Flip+6+Bluetooth+Speaker+Back"")",,manual,,2026-04-25T05:01:55.224686-04:00,2026-04-25T05:01:55.224687-04:00
77b9dda2-a95d-4207-a6f8-d72f3d67f221,Bose SoundLink Flex Portable Speaker,Audio,BOSE-SLF-BLK,,,Black,Good,3,65.00,110.00,,in_stock,Amazon,Audio Surplus,,https://placehold.co/720x720/12122A/FFFFFF.png?text=Bose+SoundLink+Flex+Portable+Front,https://placehold.co/720x720/1E1E40/FFFFFF.png?text=Bose+SoundLink+Flex+Portable+Back,"=IMAGE(""https://placehold.co/720x720/12122A/FFFFFF.png?text=Bose+SoundLink+Flex+Portable+Front"")","=IMAGE(""https://placehold.co/720x720/1E1E40/FFFFFF.png?text=Bose+SoundLink+Flex+Portable+Back"")",,manual,,2026-04-25T05:01:55.224684-04:00,2026-04-25T05:01:55.224685-04:00
3fe0099a-abae-40b7-b8a8-62317df5ac06,Titleist Pro V1x Golf Balls (Dozen),Golf,TTL-PRV1X-12,,,,Like New,6,22.00,38.00,,in_stock,eBay,Golf Resellers Inc,2024 model,https://placehold.co/720x720/12122A/FFFFFF.png?text=Titleist+Pro+V1x+Golf+Balls++Front,https://placehold.co/720x720/1E1E40/FFFFFF.png?text=Titleist+Pro+V1x+Golf+Balls++Back,"=IMAGE(""https://placehold.co/720x720/12122A/FFFFFF.png?text=Titleist+Pro+V1x+Golf+Balls++Front"")","=IMAGE(""https://placehold.co/720x720/1E1E40/FFFFFF.png?text=Titleist+Pro+V1x+Golf+Balls++Back"")",,manual,,2026-04-25T05:01:55.224682-04:00,2026-04-25T05:01:55.224682-04:00
05eec7af-82ff-4a97-ab0d-66e47ae0861f,Traeger Pro 575 Pellet Grill,Outdoor,TRG-PRO-575,,,Black,Good,1,480.00,650.00,,in_stock,eBay,Outdoor Surplus,,https://placehold.co/720x720/12122A/FFFFFF.png?text=Traeger+Pro+575+Pellet+Grill+Front,https://placehold.co/720x720/1E1E40/FFFFFF.png?text=Traeger+Pro+575+Pellet+Grill+Back,"=IMAGE(""https://placehold.co/720x720/12122A/FFFFFF.png?text=Traeger+Pro+575+Pellet+Grill+Front"")","=IMAGE(""https://placehold.co/720x720/1E1E40/FFFFFF.png?text=Traeger+Pro+575+Pellet+Grill+Back"")",,manual,,2026-04-25T05:01:55.224680-04:00,2026-04-25T05:01:55.224680-04:00
5a1ca5c6-a542-468e-b055-460527b9df8e,Weber Spirit II E-310 Grill,Outdoor,WBR-SPT2-E310,,,Black,Good,1,280.00,400.00,,in_stock,eBay,Outdoor Surplus,One season use,https://placehold.co/720x720/12122A/FFFFFF.png?text=Weber+Spirit+II+E-310+Grill+Front,https://placehold.co/720x720/1E1E40/FFFFFF.png?text=Weber+Spirit+II+E-310+Grill+Back,"=IMAGE(""https://placehold.co/720x720/12122A/FFFFFF.png?text=Weber+Spirit+II+E-310+Grill+Front"")","=IMAGE(""https://placehold.co/720x720/1E1E40/FFFFFF.png?text=Weber+Spirit+II+E-310+Grill+Back"")",,manual,,2026-04-25T05:01:55.224678-04:00,2026-04-25T05:01:55.224678-04:00
47319d67-c8d8-462d-b502-4b6f73772eb5,Kindle Paperwhite 11th Gen,Electronics,AMZ-KPW-11,,,Black,Like New,3,60.00,95.00,,in_stock,Amazon,Book Depot,,https://placehold.co/720x720/12122A/FFFFFF.png?text=Kindle+Paperwhite+11th+Gen+Front,https://placehold.co/720x720/1E1E40/FFFFFF.png?text=Kindle+Paperwhite+11th+Gen+Back,"=IMAGE(""https://placehold.co/720x720/12122A/FFFFFF.png?text=Kindle+Paperwhite+11th+Gen+Front"")","=IMAGE(""https://placehold.co/720x720/1E1E40/FFFFFF.png?text=Kindle+Paperwhite+11th+Gen+Back"")",,manual,,2026-04-25T05:01:55.224675-04:00,2026-04-25T05:01:55.224676-04:00
c685e8d7-cd38-4892-9e1c-4b6226ccaa7c,Meta Quest 3 128GB,Electronics,META-Q3-128,,,,Good,1,320.00,440.00,,in_stock,eBay,Tech Resale Co,,https://placehold.co/720x720/12122A/FFFFFF.png?text=Meta+Quest+3+128GB+Front,https://placehold.co/720x720/1E1E40/FFFFFF.png?text=Meta+Quest+3+128GB+Back,"=IMAGE(""https://placehold.co/720x720/12122A/FFFFFF.png?text=Meta+Quest+3+128GB+Front"")","=IMAGE(""https://placehold.co/720x720/1E1E40/FFFFFF.png?text=Meta+Quest+3+128GB+Back"")",,manual,,2026-04-25T05:01:55.224672-04:00,2026-04-25T05:01:55.224672-04:00
f1bf7ea0-6469-48d7-8b25-1537c640e7d2,Sony PlayStation 5 Controller,Gaming,SONY-DS5-WHT,,,White,Like New,4,35.00,60.00,,in_stock,Amazon,GameStop Wholesale,,https://placehold.co/720x720/12122A/FFFFFF.png?text=Sony+PlayStation+5+Controlle+Front,https://placehold.co/720x720/1E1E40/FFFFFF.png?text=Sony+PlayStation+5+Controlle+Back,"=IMAGE(""https://placehold.co/720x720/12122A/FFFFFF.png?text=Sony+PlayStation+5+Controlle+Front"")","=IMAGE(""https://placehold.co/720x720/1E1E40/FFFFFF.png?text=Sony+PlayStation+5+Controlle+Back"")",,lightspeed,,2026-04-25T05:01:55.224668-04:00,2026-04-25T05:01:55.224668-04:00
b1089d6c-f434-491a-9c6b-fabf9a93c639,Jordan 11 Retro Bred 2019,Sneakers,NKE-AJ11-BRD-11,,11,Black/Red,Good,1,185.00,300.00,,in_stock,StockX,Sneaker District,Minor creasing,https://placehold.co/720x720/12122A/FFFFFF.png?text=Jordan+11+Retro+Bred+2019+Front,https://placehold.co/720x720/1E1E40/FFFFFF.png?text=Jordan+11+Retro+Bred+2019+Back,"=IMAGE(""https://placehold.co/720x720/12122A/FFFFFF.png?text=Jordan+11+Retro+Bred+2019+Front"")","=IMAGE(""https://placehold.co/720x720/1E1E40/FFFFFF.png?text=Jordan+11+Retro+Bred+2019+Back"")",11 (1),manual,,2026-04-25T05:01:55.224666-04:00,2026-04-25T05:01:55.224666-04:00
7ad50536-cb24-4d08-a24f-9d8fe1bcb998,Nike Air Max 90 Infrared,Sneakers,NKE-AM90-IRD-10,,10,White/Black/Red,Good,1,95.00,175.00,,in_stock,GOAT,Kick Game Supply,,https://placehold.co/720x720/12122A/FFFFFF.png?text=Nike+Air+Max+90+Infrared+Front,https://placehold.co/720x720/1E1E40/FFFFFF.png?text=Nike+Air+Max+90+Infrared+Back,"=IMAGE(""https://placehold.co/720x720/12122A/FFFFFF.png?text=Nike+Air+Max+90+Infrared+Front"")","=IMAGE(""https://placehold.co/720x720/1E1E40/FFFFFF.png?text=Nike+Air+Max+90+Infrared+Back"")",10 (1),manual,,2026-04-25T05:01:55.224664-04:00,2026-04-25T05:01:55.224664-04:00
59a41628-fa98-4aff-be08-4f47574e67fa,USB-C Hub 7-in-1,Electronics,USB-HUB-7IN1,,,Silver,New,5,15.00,28.00,,in_stock,Amazon,Tech Resale Co,,https://placehold.co/720x720/12122A/FFFFFF.png?text=USB-C+Hub+7-in-1+Front,https://placehold.co/720x720/1E1E40/FFFFFF.png?text=USB-C+Hub+7-in-1+Back,"=IMAGE(""https://placehold.co/720x720/12122A/FFFFFF.png?text=USB-C+Hub+7-in-1+Front"")","=IMAGE(""https://placehold.co/720x720/1E1E40/FFFFFF.png?text=USB-C+Hub+7-in-1+Back"")",,manual,,2026-04-25T05:01:55.224662-04:00,2026-04-25T05:01:55.224662-04:00
d256ee52-32e3-4cbb-823c-61d04160fe96,Magsafe Charger 15W,Electronics,APPL-MGS-15W,,,White,New,6,18.00,32.00,,in_stock,Amazon,Tech Resale Co,,https://placehold.co/720x720/12122A/FFFFFF.png?text=Magsafe+Charger+15W+Front,https://placehold.co/720x720/1E1E40/FFFFFF.png?text=Magsafe+Charger+15W+Back,"=IMAGE(""https://placehold.co/720x720/12122A/FFFFFF.png?text=Magsafe+Charger+15W+Front"")","=IMAGE(""https://placehold.co/720x720/1E1E40/FFFFFF.png?text=Magsafe+Charger+15W+Back"")",,lightspeed,,2026-04-25T05:01:55.224660-04:00,2026-04-25T05:01:55.224660-04:00
30b7d9ae-98d4-452a-b8f0-a97291acc0fa,Anker 100W GaN Charger,Electronics,ANK-100W-GAN,,,,New,8,22.00,40.00,,in_stock,Amazon,Tech Resale Co,,https://placehold.co/720x720/12122A/FFFFFF.png?text=Anker+100W+GaN+Charger+Front,https://placehold.co/720x720/1E1E40/FFFFFF.png?text=Anker+100W+GaN+Charger+Back,"=IMAGE(""https://placehold.co/720x720/12122A/FFFFFF.png?text=Anker+100W+GaN+Charger+Front"")","=IMAGE(""https://placehold.co/720x720/1E1E40/FFFFFF.png?text=Anker+100W+GaN+Charger+Back"")",,lightspeed,,2026-04-25T05:01:55.224657-04:00,2026-04-25T05:01:55.224658-04:00
eb46e986-de7d-46d2-8de7-f52daf04185d,Sony 35mm f/1.8 FE Lens,Photography,SON-35F18-FE,,,Black,Like New,1,420.00,600.00,,in_stock,eBay,Camera Exchange,,https://placehold.co/720x720/12122A/FFFFFF.png?text=Sony+35mm+f%2F1.8+FE+Lens+Front,https://placehold.co/720x720/1E1E40/FFFFFF.png?text=Sony+35mm+f%2F1.8+FE+Lens+Back,"=IMAGE(""https://placehold.co/720x720/12122A/FFFFFF.png?text=Sony+35mm+f%2F1.8+FE+Lens+Front"")","=IMAGE(""https://placehold.co/720x720/1E1E40/FFFFFF.png?text=Sony+35mm+f%2F1.8+FE+Lens+Back"")",,manual,,2026-04-25T05:01:55.224655-04:00,2026-04-25T05:01:55.224656-04:00
a644850c-7759-47a4-91a5-ce839b127b88,Canon EOS R10 Mirrorless Body,Photography,CAN-EOS-R10-BDY,,,Black,Good,1,600.00,780.00,,in_stock,eBay,Camera Exchange,,https://placehold.co/720x720/12122A/FFFFFF.png?text=Canon+EOS+R10+Mirrorless+Bod+Front,https://placehold.co/720x720/1E1E40/FFFFFF.png?text=Canon+EOS+R10+Mirrorless+Bod+Back,"=IMAGE(""https://placehold.co/720x720/12122A/FFFFFF.png?text=Canon+EOS+R10+Mirrorless+Bod+Front"")","=IMAGE(""https://placehold.co/720x720/1E1E40/FFFFFF.png?text=Canon+EOS+R10+Mirrorless+Bod+Back"")",,manual,,2026-04-25T05:01:55.224653-04:00,2026-04-25T05:01:55.224654-04:00
ca32995f-e110-45b3-a2e1-db476d46073e,Roland FP-30X Digital Piano,Music,ROL-FP30X-BLK,,,Black,Like New,1,340.00,480.00,,in_stock,Reverb,Gear Exchange,,https://placehold.co/720x720/12122A/FFFFFF.png?text=Roland+FP-30X+Digital+Piano+Front,https://placehold.co/720x720/1E1E40/FFFFFF.png?text=Roland+FP-30X+Digital+Piano+Back,"=IMAGE(""https://placehold.co/720x720/12122A/FFFFFF.png?text=Roland+FP-30X+Digital+Piano+Front"")","=IMAGE(""https://placehold.co/720x720/1E1E40/FFFFFF.png?text=Roland+FP-30X+Digital+Piano+Back"")",,manual,,2026-04-25T05:01:55.224651-04:00,2026-04-25T05:01:55.224652-04:00
eaca6e30-de8e-4ab0-b555-62ec5f7c407e,Fender Player Stratocaster,Music,FND-PLR-STR-BLK,,,Black,Good,1,380.00,560.00,,in_stock,Reverb,Gear Exchange,,https://placehold.co/720x720/12122A/FFFFFF.png?text=Fender+Player+Stratocaster+Front,https://placehold.co/720x720/1E1E40/FFFFFF.png?text=Fender+Player+Stratocaster+Back,"=IMAGE(""https://placehold.co/720x720/12122A/FFFFFF.png?text=Fender+Player+Stratocaster+Front"")","=IMAGE(""https://placehold.co/720x720/1E1E40/FFFFFF.png?text=Fender+Player+Stratocaster+Back"")",,manual,,2026-04-25T05:01:55.224649-04:00,2026-04-25T05:01:55.224649-04:00
36282211-b2ef-4306-b427-2da0d1293f38,Yeti Rambler 30oz Tumbler,Outdoor,YET-RMB-30-BLK,,,Black,New,5,28.00,45.00,,in_stock,Amazon,Outdoor Surplus,,https://placehold.co/720x720/12122A/FFFFFF.png?text=Yeti+Rambler+30oz+Tumbler+Front,https://placehold.co/720x720/1E1E40/FFFFFF.png?text=Yeti+Rambler+30oz+Tumbler+Back,"=IMAGE(""https://placehold.co/720x720/12122A/FFFFFF.png?text=Yeti+Rambler+30oz+Tumbler+Front"")","=IMAGE(""https://placehold.co/720x720/1E1E40/FFFFFF.png?text=Yeti+Rambler+30oz+Tumbler+Back"")",,manual,,2026-04-25T05:01:55.224647-04:00,2026-04-25T05:01:55.224647-04:00
cc672f38-78bd-4927-b1b1-ca8d80ba185b,Stanley Quencher 40oz,Home,STN-QCH-40-CRM,,,Cream,New,4,20.00,40.00,,in_stock,Amazon,Home Surplus Co,2024 color drop,https://placehold.co/720x720/12122A/FFFFFF.png?text=Stanley+Quencher+40oz+Front,https://placehold.co/720x720/1E1E40/FFFFFF.png?text=Stanley+Quencher+40oz+Back,"=IMAGE(""https://placehold.co/720x720/12122A/FFFFFF.png?text=Stanley+Quencher+40oz+Front"")","=IMAGE(""https://placehold.co/720x720/1E1E40/FFFFFF.png?text=Stanley+Quencher+40oz+Back"")",,lightspeed,,2026-04-25T05:01:55.224645-04:00,2026-04-25T05:01:55.224645-04:00
617c0894-0c52-4a07-8478-16f7eb5d6dce,Hydro Flask 40oz Wide Mouth,Outdoor,HFL-40WM-BLK,,,Black,Good,6,22.00,40.00,,in_stock,eBay,Outdoor Surplus,,https://placehold.co/720x720/12122A/FFFFFF.png?text=Hydro+Flask+40oz+Wide+Mouth+Front,https://placehold.co/720x720/1E1E40/FFFFFF.png?text=Hydro+Flask+40oz+Wide+Mouth+Back,"=IMAGE(""https://placehold.co/720x720/12122A/FFFFFF.png?text=Hydro+Flask+40oz+Wide+Mouth+Front"")","=IMAGE(""https://placehold.co/720x720/1E1E40/FFFFFF.png?text=Hydro+Flask+40oz+Wide+Mouth+Back"")",,manual,,2026-04-25T05:01:55.224643-04:00,2026-04-25T05:01:55.224643-04:00
6115fa07-6b44-479a-834d-cbbb18d327a8,TaylorMade Stealth Driver 10.5deg,Golf,TYM-STH-DRV-10,,,,Like New,1,220.00,330.00,,in_stock,eBay,Golf Resellers Inc,,https://placehold.co/720x720/12122A/FFFFFF.png?text=TaylorMade+Stealth+Driver+10+Front,https://placehold.co/720x720/1E1E40/FFFFFF.png?text=TaylorMade+Stealth+Driver+10+Back,"=IMAGE(""https://placehold.co/720x720/12122A/FFFFFF.png?text=TaylorMade+Stealth+Driver+10+Front"")","=IMAGE(""https://placehold.co/720x720/1E1E40/FFFFFF.png?text=TaylorMade+Stealth+Driver+10+Back"")",,manual,,2026-04-25T05:01:55.224640-04:00,2026-04-25T05:01:55.224641-04:00
7a4ed53b-ce37-4c3b-8f5c-7553e8f88293,Callaway Apex Pro Irons Set,Golf,CAL-APX-PRO-IRNS,,,,Good,1,380.00,580.00,,in_stock,eBay,Golf Resellers Inc,,https://placehold.co/720x720/12122A/FFFFFF.png?text=Callaway+Apex+Pro+Irons+Set+Front,https://placehold.co/720x720/1E1E40/FFFFFF.png?text=Callaway+Apex+Pro+Irons+Set+Back,"=IMAGE(""https://placehold.co/720x720/12122A/FFFFFF.png?text=Callaway+Apex+Pro+Irons+Set+Front"")","=IMAGE(""https://placehold.co/720x720/1E1E40/FFFFFF.png?text=Callaway+Apex+Pro+Irons+Set+Back"")",,manual,,2026-04-25T05:01:55.224638-04:00,2026-04-25T05:01:55.224639-04:00
83b59464-8d5d-427b-8d90-22ef1687db74,Le Creuset Dutch Oven 5.5qt,Home,LCR-DO-55-RED,,,Flame Red,Good,1,95.00,180.00,,in_stock,eBay,Home Surplus Co,,https://placehold.co/720x720/12122A/FFFFFF.png?text=Le+Creuset+Dutch+Oven+5.5qt+Front,https://placehold.co/720x720/1E1E40/FFFFFF.png?text=Le+Creuset+Dutch+Oven+5.5qt+Back,"=IMAGE(""https://placehold.co/720x720/12122A/FFFFFF.png?text=Le+Creuset+Dutch+Oven+5.5qt+Front"")","=IMAGE(""https://placehold.co/720x720/1E1E40/FFFFFF.png?text=Le+Creuset+Dutch+Oven+5.5qt+Back"")",,manual,,2026-04-25T05:01:55.224636-04:00,2026-04-25T05:01:55.224637-04:00
aab71e85-52aa-4771-adec-0f5b05ff5192,Vitamix 5200 Blender,Home,VTX-5200-BLK,,,Black,Good,1,140.00,220.00,,in_stock,eBay,Home Surplus Co,,https://placehold.co/720x720/12122A/FFFFFF.png?text=Vitamix+5200+Blender+Front,https://placehold.co/720x720/1E1E40/FFFFFF.png?text=Vitamix+5200+Blender+Back,"=IMAGE(""https://placehold.co/720x720/12122A/FFFFFF.png?text=Vitamix+5200+Blender+Front"")","=IMAGE(""https://placehold.co/720x720/1E1E40/FFFFFF.png?text=Vitamix+5200+Blender+Back"")",,manual,,2026-04-25T05:01:55.224634-04:00,2026-04-25T05:01:55.224635-04:00
4cbaa17b-105e-4aee-b37b-42f8375d090b,Instant Pot Duo 7-in-1 8Qt,Home,INP-DUO-8QT,,,Stainless,Good,2,55.00,90.00,,in_stock,Amazon,Home Surplus Co,,https://placehold.co/720x720/12122A/FFFFFF.png?text=Instant+Pot+Duo+7-in-1+8Qt+Front,https://placehold.co/720x720/1E1E40/FFFFFF.png?text=Instant+Pot+Duo+7-in-1+8Qt+Back,"=IMAGE(""https://placehold.co/720x720/12122A/FFFFFF.png?text=Instant+Pot+Duo+7-in-1+8Qt+Front"")","=IMAGE(""https://placehold.co/720x720/1E1E40/FFFFFF.png?text=Instant+Pot+Duo+7-in-1+8Qt+Back"")",,lightspeed,,2026-04-25T05:01:55.224632-04:00,2026-04-25T05:01:55.224632-04:00
a9dbc4ea-6edd-48c7-a524-f0691ee020ca,Dyson Supersonic Hair Dryer,Home,DYS-SHD-COP,,,Copper/Black,Like New,1,210.00,320.00,,in_stock,eBay,Home Surplus Co,,https://placehold.co/720x720/12122A/FFFFFF.png?text=Dyson+Supersonic+Hair+Dryer+Front,https://placehold.co/720x720/1E1E40/FFFFFF.png?text=Dyson+Supersonic+Hair+Dryer+Back,"=IMAGE(""https://placehold.co/720x720/12122A/FFFFFF.png?text=Dyson+Supersonic+Hair+Dryer+Front"")","=IMAGE(""https://placehold.co/720x720/1E1E40/FFFFFF.png?text=Dyson+Supersonic+Hair+Dryer+Back"")",,manual,,2026-04-25T05:01:55.224630-04:00,2026-04-25T05:01:55.224630-04:00
276290b8-f848-4542-aad9-b08bc3f497a5,Dyson V11 Torque Drive Cordless,Home,DYS-V11-TDR,,,Iron/Nickel,Good,1,180.00,290.00,,in_stock,eBay,Home Surplus Co,,https://placehold.co/720x720/12122A/FFFFFF.png?text=Dyson+V11+Torque+Drive+Cordl+Front,https://placehold.co/720x720/1E1E40/FFFFFF.png?text=Dyson+V11+Torque+Drive+Cordl+Back,"=IMAGE(""https://placehold.co/720x720/12122A/FFFFFF.png?text=Dyson+V11+Torque+Drive+Cordl+Front"")","=IMAGE(""https://placehold.co/720x720/1E1E40/FFFFFF.png?text=Dyson+V11+Torque+Drive+Cordl+Back"")",,manual,,2026-04-25T05:01:55.224628-04:00,2026-04-25T05:01:55.224628-04:00
638566e0-0e7c-49ec-a398-f2d5c9401bce,"Harry Potter Box Set (1-7, HC)",Books,BK-HP-BXST-HC,,,,Good,2,35.00,75.00,,in_stock,eBay,Book Depot,,https://placehold.co/720x720/12122A/FFFFFF.png?text=Harry+Potter+Box+Set+%281-7%2C+H+Front,https://placehold.co/720x720/1E1E40/FFFFFF.png?text=Harry+Potter+Box+Set+%281-7%2C+H+Back,"=IMAGE(""https://placehold.co/720x720/12122A/FFFFFF.png?text=Harry+Potter+Box+Set+%281-7%2C+H+Front"")","=IMAGE(""https://placehold.co/720x720/1E1E40/FFFFFF.png?text=Harry+Potter+Box+Set+%281-7%2C+H+Back"")",,manual,,2026-04-25T05:01:55.224625-04:00,2026-04-25T05:01:55.224626-04:00
357b7f1a-f8a4-484f-9f8d-ec603c93ec8e,The Lean Startup (Eric Ries),Books,BK-LS-RIES,,,,Good,5,3.00,9.00,,in_stock,Amazon,Book Depot,Paperback,https://placehold.co/720x720/12122A/FFFFFF.png?text=The+Lean+Startup+%28Eric+Ries%29+Front,https://placehold.co/720x720/1E1E40/FFFFFF.png?text=The+Lean+Startup+%28Eric+Ries%29+Back,"=IMAGE(""https://placehold.co/720x720/12122A/FFFFFF.png?text=The+Lean+Startup+%28Eric+Ries%29+Front"")","=IMAGE(""https://placehold.co/720x720/1E1E40/FFFFFF.png?text=The+Lean+Startup+%28Eric+Ries%29+Back"")",,manual,,2026-04-25T05:01:55.224623-04:00,2026-04-25T05:01:55.224624-04:00
5ee7cec3-c50d-4ac6-82fc-5a21d31106d2,Atomic Habits (James Clear),Books,BK-AH-CLEAR,,,,Good,8,3.50,10.00,,in_stock,Amazon,Book Depot,Paperback,https://placehold.co/720x720/12122A/FFFFFF.png?text=Atomic+Habits+%28James+Clear%29+Front,https://placehold.co/720x720/1E1E40/FFFFFF.png?text=Atomic+Habits+%28James+Clear%29+Back,"=IMAGE(""https://placehold.co/720x720/12122A/FFFFFF.png?text=Atomic+Habits+%28James+Clear%29+Front"")","=IMAGE(""https://placehold.co/720x720/1E1E40/FFFFFF.png?text=Atomic+Habits+%28James+Clear%29+Back"")",,manual,,2026-04-25T05:01:55.224621-04:00,2026-04-25T05:01:55.224622-04:00
ddd5fadd-1e96-43d6-8b81-cb7459245444,Fossil Gen 6 Smartwatch,Watches,FSL-GEN6-BLK,,,Black,Good,1,70.00,120.00,,in_stock,eBay,Time Traders,,https://placehold.co/720x720/12122A/FFFFFF.png?text=Fossil+Gen+6+Smartwatch+Front,https://placehold.co/720x720/1E1E40/FFFFFF.png?text=Fossil+Gen+6+Smartwatch+Back,"=IMAGE(""https://placehold.co/720x720/12122A/FFFFFF.png?text=Fossil+Gen+6+Smartwatch+Front"")","=IMAGE(""https://placehold.co/720x720/1E1E40/FFFFFF.png?text=Fossil+Gen+6+Smartwatch+Back"")",,manual,,2026-04-25T05:01:55.224619-04:00,2026-04-25T05:01:55.224620-04:00
3b7b0f05-b065-48ee-96a0-728f41415013,Apple Watch Series 8 45mm,Watches,APPL-AW8-45-BLK,,,Midnight,Good,2,210.00,310.00,,in_stock,eBay,Tech Resale Co,,https://placehold.co/720x720/12122A/FFFFFF.png?text=Apple+Watch+Series+8+45mm+Front,https://placehold.co/720x720/1E1E40/FFFFFF.png?text=Apple+Watch+Series+8+45mm+Back,"=IMAGE(""https://placehold.co/720x720/12122A/FFFFFF.png?text=Apple+Watch+Series+8+45mm+Front"")","=IMAGE(""https://placehold.co/720x720/1E1E40/FFFFFF.png?text=Apple+Watch+Series+8+45mm+Back"")",,lightspeed,,2026-04-25T05:01:55.224617-04:00,2026-04-25T05:01:55.224618-04:00
768f62c1-97df-443f-928c-9a6b92c14202,Seiko 5 Sports SRPD55,Watches,SEK-5SP-SRPD55,,,Blue,Good,1,80.00,145.00,,in_stock,eBay,Time Traders,,https://placehold.co/720x720/12122A/FFFFFF.png?text=Seiko+5+Sports+SRPD55+Front,https://placehold.co/720x720/1E1E40/FFFFFF.png?text=Seiko+5+Sports+SRPD55+Back,"=IMAGE(""https://placehold.co/720x720/12122A/FFFFFF.png?text=Seiko+5+Sports+SRPD55+Front"")","=IMAGE(""https://placehold.co/720x720/1E1E40/FFFFFF.png?text=Seiko+5+Sports+SRPD55+Back"")",,manual,,2026-04-25T05:01:55.224615-04:00,2026-04-25T05:01:55.224616-04:00
c14623bb-3fbe-4491-a22f-53fbaa6ac5fe,Casio G-Shock GA-2100,Watches,CAS-GSH-GA2100-BLK,,,Black,Like New,2,55.00,90.00,,in_stock,eBay,Time Traders,,https://placehold.co/720x720/12122A/FFFFFF.png?text=Casio+G-Shock+GA-2100+Front,https://placehold.co/720x720/1E1E40/FFFFFF.png?text=Casio+G-Shock+GA-2100+Back,"=IMAGE(""https://placehold.co/720x720/12122A/FFFFFF.png?text=Casio+G-Shock+GA-2100+Front"")","=IMAGE(""https://placehold.co/720x720/1E1E40/FFFFFF.png?text=Casio+G-Shock+GA-2100+Back"")",,manual,,2026-04-25T05:01:55.224613-04:00,2026-04-25T05:01:55.224614-04:00
624cd35c-9e6d-4007-81ea-e7520685cc1f,Funko Pop Batman #01 CHASE,Collectibles,FNK-BAT-01-CHASE,,,,New in Box,1,22.00,55.00,,in_stock,eBay,Collectable Hub,,https://placehold.co/720x720/12122A/FFFFFF.png?text=Funko+Pop+Batman+%2301+CHASE+Front,https://placehold.co/720x720/1E1E40/FFFFFF.png?text=Funko+Pop+Batman+%2301+CHASE+Back,"=IMAGE(""https://placehold.co/720x720/12122A/FFFFFF.png?text=Funko+Pop+Batman+%2301+CHASE+Front"")","=IMAGE(""https://placehold.co/720x720/1E1E40/FFFFFF.png?text=Funko+Pop+Batman+%2301+CHASE+Back"")",,manual,,2026-04-25T05:01:55.224611-04:00,2026-04-25T05:01:55.224612-04:00
7ca2bb10-41a9-4655-8377-7b5db35e35c2,Hot Wheels RLC Exclusive Bone Shaker,Collectibles,HW-RLC-BNSH-2024,,,,New Sealed,3,20.00,48.00,,in_stock,eBay,Collectable Hub,,https://placehold.co/720x720/12122A/FFFFFF.png?text=Hot+Wheels+RLC+Exclusive+Bon+Front,https://placehold.co/720x720/1E1E40/FFFFFF.png?text=Hot+Wheels+RLC+Exclusive+Bon+Back,"=IMAGE(""https://placehold.co/720x720/12122A/FFFFFF.png?text=Hot+Wheels+RLC+Exclusive+Bon+Front"")","=IMAGE(""https://placehold.co/720x720/1E1E40/FFFFFF.png?text=Hot+Wheels+RLC+Exclusive+Bon+Back"")",,manual,,2026-04-25T05:01:55.224609-04:00,2026-04-25T05:01:55.224610-04:00
ba0250b8-9d2b-4676-a881-339b35c3d8c3,LEGO City Police Station 60316,Collectibles,LGO-CTY-PS-60316,,,,New Sealed,2,95.00,140.00,,in_stock,eBay,Brick Surplus,,https://placehold.co/720x720/12122A/FFFFFF.png?text=LEGO+City+Police+Station+603+Front,https://placehold.co/720x720/1E1E40/FFFFFF.png?text=LEGO+City+Police+Station+603+Back,"=IMAGE(""https://placehold.co/720x720/12122A/FFFFFF.png?text=LEGO+City+Police+Station+603+Front"")","=IMAGE(""https://placehold.co/720x720/1E1E40/FFFFFF.png?text=LEGO+City+Police+Station+603+Back"")",,manual,,2026-04-25T05:01:55.224607-04:00,2026-04-25T05:01:55.224608-04:00
f312bd23-9bf5-423a-948b-b6c24370149a,Star Wars LEGO Millennium Falcon 75192,Collectibles,LGO-SW-MF-75192,,,,New Sealed,1,480.00,680.00,,in_stock,eBay,Brick Surplus,,https://placehold.co/720x720/12122A/FFFFFF.png?text=Star+Wars+LEGO+Millennium+Fa+Front,https://placehold.co/720x720/1E1E40/FFFFFF.png?text=Star+Wars+LEGO+Millennium+Fa+Back,"=IMAGE(""https://placehold.co/720x720/12122A/FFFFFF.png?text=Star+Wars+LEGO+Millennium+Fa+Front"")","=IMAGE(""https://placehold.co/720x720/1E1E40/FFFFFF.png?text=Star+Wars+LEGO+Millennium+Fa+Back"")",,manual,,2026-04-25T05:01:55.224605-04:00,2026-04-25T05:01:55.224605-04:00
9b232890-5319-4196-976e-7fc3abea9d18,Topps Series 1 Baseball Hobby Box 2024,Trading Cards,TPP-BS1-HBX-24,,,,Sealed,2,68.00,95.00,,in_stock,eBay,Card Vault,,https://placehold.co/720x720/12122A/FFFFFF.png?text=Topps+Series+1+Baseball+Hobb+Front,https://placehold.co/720x720/1E1E40/FFFFFF.png?text=Topps+Series+1+Baseball+Hobb+Back,"=IMAGE(""https://placehold.co/720x720/12122A/FFFFFF.png?text=Topps+Series+1+Baseball+Hobb+Front"")","=IMAGE(""https://placehold.co/720x720/1E1E40/FFFFFF.png?text=Topps+Series+1+Baseball+Hobb+Back"")",,lightspeed,,2026-04-25T05:01:55.224603-04:00,2026-04-25T05:01:55.224603-04:00
a10b2936-994d-4db2-8b47-c49a8e188a9c,Pokemon Booster Pack Scarlet & Violet,Trading Cards,PKM-BP-SV-001,,,,Sealed,12,3.80,7.50,,in_stock,eBay,Card Vault,,https://placehold.co/720x720/12122A/FFFFFF.png?text=Pokemon+Booster+Pack+Scarlet+Front,https://placehold.co/720x720/1E1E40/FFFFFF.png?text=Pokemon+Booster+Pack+Scarlet+Back,"=IMAGE(""https://placehold.co/720x720/12122A/FFFFFF.png?text=Pokemon+Booster+Pack+Scarlet+Front"")","=IMAGE(""https://placehold.co/720x720/1E1E40/FFFFFF.png?text=Pokemon+Booster+Pack+Scarlet+Back"")",,lightspeed,,2026-04-25T05:01:55.224601-04:00,2026-04-25T05:01:55.224601-04:00
173b1456-4be9-4882-ab3a-0cafaf741cbc,Pokemon Pikachu VMAX 044/185 PSA 10,Trading Cards,PKM-PIKA-VX-PSA10,,,,Graded PSA 10,1,85.00,190.00,,in_stock,eBay,Card Vault,Vivid Voltage,https://placehold.co/720x720/12122A/FFFFFF.png?text=Pokemon+Pikachu+VMAX+044%2F185+Front,https://placehold.co/720x720/1E1E40/FFFFFF.png?text=Pokemon+Pikachu+VMAX+044%2F185+Back,"=IMAGE(""https://placehold.co/720x720/12122A/FFFFFF.png?text=Pokemon+Pikachu+VMAX+044%2F185+Front"")","=IMAGE(""https://placehold.co/720x720/1E1E40/FFFFFF.png?text=Pokemon+Pikachu+VMAX+044%2F185+Back"")",,manual,,2026-04-25T05:01:55.224599-04:00,2026-04-25T05:01:55.224599-04:00
8ea60a5d-0b06-4d19-a186-ef100b54da15,Pokemon Charizard VMAX 074/073 PSA 9,Trading Cards,PKM-CZRD-VX-PSA9,,,,Graded PSA 9,1,55.00,120.00,,in_stock,eBay,Card Vault,Shining Fates,https://placehold.co/720x720/12122A/FFFFFF.png?text=Pokemon+Charizard+VMAX+074%2F0+Front,https://placehold.co/720x720/1E1E40/FFFFFF.png?text=Pokemon+Charizard+VMAX+074%2F0+Back,"=IMAGE(""https://placehold.co/720x720/12122A/FFFFFF.png?text=Pokemon+Charizard+VMAX+074%2F0+Front"")","=IMAGE(""https://placehold.co/720x720/1E1E40/FFFFFF.png?text=Pokemon+Charizard+VMAX+074%2F0+Back"")",,manual,,2026-04-25T05:01:55.224597-04:00,2026-04-25T05:01:55.224597-04:00
81205570-20a0-4e55-a6e1-46e8159b4dd4,Coach Tabby Shoulder Bag,Bags,COA-TAB-TAN,,,Tan,Like New,1,110.00,195.00,,in_stock,Poshmark,Thrift Connect,,https://placehold.co/720x720/12122A/FFFFFF.png?text=Coach+Tabby+Shoulder+Bag+Front,https://placehold.co/720x720/1E1E40/FFFFFF.png?text=Coach+Tabby+Shoulder+Bag+Back,"=IMAGE(""https://placehold.co/720x720/12122A/FFFFFF.png?text=Coach+Tabby+Shoulder+Bag+Front"")","=IMAGE(""https://placehold.co/720x720/1E1E40/FFFFFF.png?text=Coach+Tabby+Shoulder+Bag+Back"")",,manual,,2026-04-25T05:01:55.224594-04:00,2026-04-25T05:01:55.224595-04:00
0d48a446-6b26-46df-a5c3-3615ba8c9ddd,Goyard Saint Louis PM Tote,Bags,,,,Chevron,Good,1,520.00,820.00,,in_stock,TheRealReal,Luxury Consign,,https://placehold.co/720x720/12122A/FFFFFF.png?text=Goyard+Saint+Louis+PM+Tote+Front,https://placehold.co/720x720/1E1E40/FFFFFF.png?text=Goyard+Saint+Louis+PM+Tote+Back,"=IMAGE(""https://placehold.co/720x720/12122A/FFFFFF.png?text=Goyard+Saint+Louis+PM+Tote+Front"")","=IMAGE(""https://placehold.co/720x720/1E1E40/FFFFFF.png?text=Goyard+Saint+Louis+PM+Tote+Back"")",,manual,,2026-04-25T05:01:55.224592-04:00,2026-04-25T05:01:55.224592-04:00
cedef8b4-a747-47c9-9803-17e92d55a7d8,Nike Tech Fleece Pants,Clothing,NKE-TFP-BLK-M,,M,Black,New,4,48.00,85.00,,in_stock,eBay,Kick Game Supply,,https://placehold.co/720x720/12122A/FFFFFF.png?text=Nike+Tech+Fleece+Pants+Front,https://placehold.co/720x720/1E1E40/FFFFFF.png?text=Nike+Tech+Fleece+Pants+Back,"=IMAGE(""https://placehold.co/720x720/12122A/FFFFFF.png?text=Nike+Tech+Fleece+Pants+Front"")","=IMAGE(""https://placehold.co/720x720/1E1E40/FFFFFF.png?text=Nike+Tech+Fleece+Pants+Back"")",M (4),lightspeed,,2026-04-25T05:01:55.224589-04:00,2026-04-25T05:01:55.224590-04:00
98e10585-236c-4d95-b81b-ab6a04e51241,Gucci Crossbody Messenger,Bags,GUC-CBM-BLK,,,Black,Good,1,320.00,580.00,,in_stock,eBay,Luxury Consign,,https://placehold.co/720x720/12122A/FFFFFF.png?text=Gucci+Crossbody+Messenger+Front,https://placehold.co/720x720/1E1E40/FFFFFF.png?text=Gucci+Crossbody+Messenger+Back,"=IMAGE(""https://placehold.co/720x720/12122A/FFFFFF.png?text=Gucci+Crossbody+Messenger+Front"")","=IMAGE(""https://placehold.co/720x720/1E1E40/FFFFFF.png?text=Gucci+Crossbody+Messenger+Back"")",,manual,,2026-04-25T05:01:55.224550-04:00,2026-04-25T05:01:55.224580-04:00
bcdbcd22-ffdb-4898-8db1-99114d316ad3,Louis Vuitton Neverfull MM,Bags,LV-NVF-MM-MON,,,Monogram,Good,1,680.00,1050.00,,in_stock,TheRealReal,Luxury Consign,,https://placehold.co/720x720/12122A/FFFFFF.png?text=Louis+Vuitton+Neverfull+MM+Front,https://placehold.co/720x720/1E1E40/FFFFFF.png?text=Louis+Vuitton+Neverfull+MM+Back,"=IMAGE(""https://placehold.co/720x720/12122A/FFFFFF.png?text=Louis+Vuitton+Neverfull+MM+Front"")","=IMAGE(""https://placehold.co/720x720/1E1E40/FFFFFF.png?text=Louis+Vuitton+Neverfull+MM+Back"")",,lightspeed,,2026-04-25T05:01:55.224477-04:00,2026-04-25T05:01:55.224478-04:00
ef47aed3-9b97-4ea6-a7f3-36d5b9ffa952,Patagonia Better Sweater,Outerwear,PAT-BSW-NAV-M,,M,Navy,Like New,2,65.00,105.00,,in_stock,eBay,Outdoor Surplus,,https://placehold.co/720x720/12122A/FFFFFF.png?text=Patagonia+Better+Sweater+Front,https://placehold.co/720x720/1E1E40/FFFFFF.png?text=Patagonia+Better+Sweater+Back,"=IMAGE(""https://placehold.co/720x720/12122A/FFFFFF.png?text=Patagonia+Better+Sweater+Front"")","=IMAGE(""https://placehold.co/720x720/1E1E40/FFFFFF.png?text=Patagonia+Better+Sweater+Back"")",M (2),manual,,2026-04-25T05:01:55.224475-04:00,2026-04-25T05:01:55.224476-04:00
2200bca3-eba9-4617-bd4f-16a66666e90b,Champion Reverse Weave Hoodie,Streetwear,CHP-RWH-OXF-L,,L,Oxford Gray,Good,3,25.00,50.00,,in_stock,Depop,Thrift Connect,,https://placehold.co/720x720/12122A/FFFFFF.png?text=Champion+Reverse+Weave+Hoodi+Front,https://placehold.co/720x720/1E1E40/FFFFFF.png?text=Champion+Reverse+Weave+Hoodi+Back,"=IMAGE(""https://placehold.co/720x720/12122A/FFFFFF.png?text=Champion+Reverse+Weave+Hoodi+Front"")","=IMAGE(""https://placehold.co/720x720/1E1E40/FFFFFF.png?text=Champion+Reverse+Weave+Hoodi+Back"")",L (3),manual,,2026-04-25T05:01:55.224473-04:00,2026-04-25T05:01:55.224474-04:00
4ce9f422-622c-473b-ba2a-fc8c9674f3b5,Ralph Lauren Polo Shirt,Clothing,RLP-POL-BLU-M,,M,Blue,Good,5,18.00,38.00,,in_stock,Poshmark,Thrift Connect,,https://placehold.co/720x720/12122A/FFFFFF.png?text=Ralph+Lauren+Polo+Shirt+Front,https://placehold.co/720x720/1E1E40/FFFFFF.png?text=Ralph+Lauren+Polo+Shirt+Back,"=IMAGE(""https://placehold.co/720x720/12122A/FFFFFF.png?text=Ralph+Lauren+Polo+Shirt+Front"")","=IMAGE(""https://placehold.co/720x720/1E1E40/FFFFFF.png?text=Ralph+Lauren+Polo+Shirt+Back"")",M (5),manual,,2026-04-25T05:01:55.224471-04:00,2026-04-25T05:01:55.224471-04:00
93b1d19a-8c33-490d-a8d6-9b94019487c5,Vintage Starter Jacket NFL,Outerwear,VTG-STR-NFL-L,,L,Black/Gold,Fair,1,45.00,120.00,,in_stock,eBay,Vintage Vault,"90s vintage, minor fading",https://placehold.co/720x720/12122A/FFFFFF.png?text=Vintage+Starter+Jacket+NFL+Front,https://placehold.co/720x720/1E1E40/FFFFFF.png?text=Vintage+Starter+Jacket+NFL+Back,"=IMAGE(""https://placehold.co/720x720/12122A/FFFFFF.png?text=Vintage+Starter+Jacket+NFL+Front"")","=IMAGE(""https://placehold.co/720x720/1E1E40/FFFFFF.png?text=Vintage+Starter+Jacket+NFL+Back"")",L (1),manual,,2026-04-25T05:01:55.224469-04:00,2026-04-25T05:01:55.224469-04:00
b288a75a-94b8-431d-9eff-69b9986275e3,Levi's 501 Original Jeans,Clothing,LEV-501-34x30,,34x30,Indigo,Good,3,28.00,55.00,,in_stock,Poshmark,Vintage Vault,,https://placehold.co/720x720/12122A/FFFFFF.png?text=Levi%27s+501+Original+Jeans+Front,https://placehold.co/720x720/1E1E40/FFFFFF.png?text=Levi%27s+501+Original+Jeans+Back,"=IMAGE(""https://placehold.co/720x720/12122A/FFFFFF.png?text=Levi%27s+501+Original+Jeans+Front"")","=IMAGE(""https://placehold.co/720x720/1E1E40/FFFFFF.png?text=Levi%27s+501+Original+Jeans+Back"")",34x30 (3),manual,,2026-04-25T05:01:55.224467-04:00,2026-04-25T05:01:55.224467-04:00
01215ec6-fd41-4873-8483-74e4954cd433,North Face 700 Nuptse Puffer,Outerwear,TNF-700-NUP-L,,L,Black,Good,2,120.00,195.00,,in_stock,eBay,Outdoor Surplus,,https://placehold.co/720x720/12122A/FFFFFF.png?text=North+Face+700+Nuptse+Puffer+Front,https://placehold.co/720x720/1E1E40/FFFFFF.png?text=North+Face+700+Nuptse+Puffer+Back,"=IMAGE(""https://placehold.co/720x720/12122A/FFFFFF.png?text=North+Face+700+Nuptse+Puffer+Front"")","=IMAGE(""https://placehold.co/720x720/1E1E40/FFFFFF.png?text=North+Face+700+Nuptse+Puffer+Back"")",L (2),lightspeed,,2026-04-25T05:01:55.224465-04:00,2026-04-25T05:01:55.224465-04:00
b212f61e-67a5-42f0-a0a2-d0807d053d8e,Carhartt WIP Detroit Jacket,Outerwear,CAR-WIP-DJK-XL,,XL,Hamilton Brown,Good,1,85.00,155.00,,in_stock,eBay,Vintage Vault,,https://placehold.co/720x720/12122A/FFFFFF.png?text=Carhartt+WIP+Detroit+Jacket+Front,https://placehold.co/720x720/1E1E40/FFFFFF.png?text=Carhartt+WIP+Detroit+Jacket+Back,"=IMAGE(""https://placehold.co/720x720/12122A/FFFFFF.png?text=Carhartt+WIP+Detroit+Jacket+Front"")","=IMAGE(""https://placehold.co/720x720/1E1E40/FFFFFF.png?text=Carhartt+WIP+Detroit+Jacket+Back"")",XL (1),manual,,2026-04-25T05:01:55.224463-04:00,2026-04-25T05:01:55.224463-04:00
081a231a-94bc-49ba-9895-ea1ff4484614,Stussy Basic Logo Tee,Streetwear,STU-BLT-WHT-L,,L,White,New,4,30.00,55.00,,in_stock,Depop,Hype Collective,,https://placehold.co/720x720/12122A/FFFFFF.png?text=Stussy+Basic+Logo+Tee+Front,https://placehold.co/720x720/1E1E40/FFFFFF.png?text=Stussy+Basic+Logo+Tee+Back,"=IMAGE(""https://placehold.co/720x720/12122A/FFFFFF.png?text=Stussy+Basic+Logo+Tee+Front"")","=IMAGE(""https://placehold.co/720x720/1E1E40/FFFFFF.png?text=Stussy+Basic+Logo+Tee+Back"")",L (4),manual,,2026-04-25T05:01:55.224461-04:00,2026-04-25T05:01:55.224461-04:00
84cd26aa-b900-43a1-b34f-7f79fb3e49f8,Palace Tri-Ferg Hoodie,Streetwear,PAL-TFH-NAV-M,,M,Navy,Like New,2,80.00,145.00,,in_stock,Depop,Hype Collective,,https://placehold.co/720x720/12122A/FFFFFF.png?text=Palace+Tri-Ferg+Hoodie+Front,https://placehold.co/720x720/1E1E40/FFFFFF.png?text=Palace+Tri-Ferg+Hoodie+Back,"=IMAGE(""https://placehold.co/720x720/12122A/FFFFFF.png?text=Palace+Tri-Ferg+Hoodie+Front"")","=IMAGE(""https://placehold.co/720x720/1E1E40/FFFFFF.png?text=Palace+Tri-Ferg+Hoodie+Back"")",M (2),manual,,2026-04-25T05:01:55.224459-04:00,2026-04-25T05:01:55.224459-04:00
3a7a2879-7c4b-423c-b932-7b6b186dd547,Supreme Box Logo Hoodie FW23,Streetwear,SUP-BLH-FW23-XL,,XL,Black,New,1,168.00,310.00,,in_stock,eBay,Hype Collective,,https://placehold.co/720x720/12122A/FFFFFF.png?text=Supreme+Box+Logo+Hoodie+FW23+Front,https://placehold.co/720x720/1E1E40/FFFFFF.png?text=Supreme+Box+Logo+Hoodie+FW23+Back,"=IMAGE(""https://placehold.co/720x720/12122A/FFFFFF.png?text=Supreme+Box+Logo+Hoodie+FW23+Front"")","=IMAGE(""https://placehold.co/720x720/1E1E40/FFFFFF.png?text=Supreme+Box+Logo+Hoodie+FW23+Back"")",XL (1),manual,,2026-04-25T05:01:55.224457-04:00,2026-04-25T05:01:55.224457-04:00
0836bfc4-b852-47ac-9ce1-90bc6b39ba7b,Supreme Box Logo Hoodie FW23,Streetwear,SUP-BLH-FW23-L,,L,Black,New,1,168.00,340.00,,in_stock,eBay,Hype Collective,,https://placehold.co/720x720/12122A/FFFFFF.png?text=Supreme+Box+Logo+Hoodie+FW23+Front,https://placehold.co/720x720/1E1E40/FFFFFF.png?text=Supreme+Box+Logo+Hoodie+FW23+Back,"=IMAGE(""https://placehold.co/720x720/12122A/FFFFFF.png?text=Supreme+Box+Logo+Hoodie+FW23+Front"")","=IMAGE(""https://placehold.co/720x720/1E1E40/FFFFFF.png?text=Supreme+Box+Logo+Hoodie+FW23+Back"")",L (1),manual,,2026-04-25T05:01:55.224455-04:00,2026-04-25T05:01:55.224455-04:00
6ef2416a-c4a0-4577-8228-6bb244fc04e6,Jordan 4 Retro Military Blue,Sneakers,NKE-AJ4-MLB-9,,9,Military Blue,New,1,240.00,420.00,,in_stock,StockX,Sneaker District,"2024 retro, OG box",https://placehold.co/720x720/12122A/FFFFFF.png?text=Jordan+4+Retro+Military+Blue+Front,https://placehold.co/720x720/1E1E40/FFFFFF.png?text=Jordan+4+Retro+Military+Blue+Back,"=IMAGE(""https://placehold.co/720x720/12122A/FFFFFF.png?text=Jordan+4+Retro+Military+Blue+Front"")","=IMAGE(""https://placehold.co/720x720/1E1E40/FFFFFF.png?text=Jordan+4+Retro+Military+Blue+Back"")",9 (1),lightspeed,,2026-04-25T05:01:55.224453-04:00,2026-04-25T05:01:55.224453-04:00
d8135a4a-0101-4a44-a9b8-db112d7c84f0,New Balance 550 White/Navy,Sneakers,NB-550-WHN-11,,11,White/Navy,New,2,90.00,155.00,,in_stock,GOAT,Kick Game Supply,,https://placehold.co/720x720/12122A/FFFFFF.png?text=New+Balance+550+White%2FNavy+Front,https://placehold.co/720x720/1E1E40/FFFFFF.png?text=New+Balance+550+White%2FNavy+Back,"=IMAGE(""https://placehold.co/720x720/12122A/FFFFFF.png?text=New+Balance+550+White%2FNavy+Front"")","=IMAGE(""https://placehold.co/720x720/1E1E40/FFFFFF.png?text=New+Balance+550+White%2FNavy+Back"")",11 (2),manual,,2026-04-25T05:01:55.224451-04:00,2026-04-25T05:01:55.224451-04:00
5b9698d3-8dc4-4db4-a03c-5bef55bc4eaf,Adidas Yeezy Slide Pure,Sneakers,ADI-YZY-SLD-10,,10,Pure,Like New,1,60.00,110.00,,in_stock,eBay,Sneaker District,,https://placehold.co/720x720/12122A/FFFFFF.png?text=Adidas+Yeezy+Slide+Pure+Front,https://placehold.co/720x720/1E1E40/FFFFFF.png?text=Adidas+Yeezy+Slide+Pure+Back,"=IMAGE(""https://placehold.co/720x720/12122A/FFFFFF.png?text=Adidas+Yeezy+Slide+Pure+Front"")","=IMAGE(""https://placehold.co/720x720/1E1E40/FFFFFF.png?text=Adidas+Yeezy+Slide+Pure+Back"")",10 (1),manual,,2026-04-25T05:01:55.224449-04:00,2026-04-25T05:01:55.224449-04:00
73e06572-9cf8-493b-b73b-e4d4aa494a2e,Adidas Yeezy 350 V2 Zebra,Sneakers,ADI-YZY-ZBR-10,,10,Zebra,New,1,220.00,360.00,,in_stock,StockX,Sneaker District,,https://placehold.co/720x720/12122A/FFFFFF.png?text=Adidas+Yeezy+350+V2+Zebra+Front,https://placehold.co/720x720/1E1E40/FFFFFF.png?text=Adidas+Yeezy+350+V2+Zebra+Back,"=IMAGE(""https://placehold.co/720x720/12122A/FFFFFF.png?text=Adidas+Yeezy+350+V2+Zebra+Front"")","=IMAGE(""https://placehold.co/720x720/1E1E40/FFFFFF.png?text=Adidas+Yeezy+350+V2+Zebra+Back"")",10 (1),lightspeed,,2026-04-25T05:01:55.224447-04:00,2026-04-25T05:01:55.224447-04:00
4f10f160-6445-4524-acea-ac5f292a838a,Nike Dunk Low Panda,Sneakers,NKE-DLW-PND-10,,10,White/Black,New,2,110.00,175.00,,in_stock,GOAT,Kick Game Supply,,https://placehold.co/720x720/12122A/FFFFFF.png?text=Nike+Dunk+Low+Panda+Front,https://placehold.co/720x720/1E1E40/FFFFFF.png?text=Nike+Dunk+Low+Panda+Back,"=IMAGE(""https://placehold.co/720x720/12122A/FFFFFF.png?text=Nike+Dunk+Low+Panda+Front"")","=IMAGE(""https://placehold.co/720x720/1E1E40/FFFFFF.png?text=Nike+Dunk+Low+Panda+Back"")",10 (2),manual,,2026-04-25T05:01:55.224444-04:00,2026-04-25T05:01:55.224445-04:00
8f81d8c5-dfc3-49fe-b7f5-e31f54ae7a48,Nike Dunk Low Panda,Sneakers,NKE-DLW-PND-9,,9,White/Black,New,2,110.00,185.00,,in_stock,GOAT,Kick Game Supply,,https://placehold.co/720x720/12122A/FFFFFF.png?text=Nike+Dunk+Low+Panda+Front,https://placehold.co/720x720/1E1E40/FFFFFF.png?text=Nike+Dunk+Low+Panda+Back,"=IMAGE(""https://placehold.co/720x720/12122A/FFFFFF.png?text=Nike+Dunk+Low+Panda+Front"")","=IMAGE(""https://placehold.co/720x720/1E1E40/FFFFFF.png?text=Nike+Dunk+Low+Panda+Back"")",9 (2),manual,,2026-04-25T05:01:55.224442-04:00,2026-04-25T05:01:55.224443-04:00
726a0b48-1e2d-4467-b8e5-a2bf3e51b8ea,Nike Air Jordan 1 Retro High OG,Sneakers,NKE-AJ1-HOG-11,,11,Bred,New,1,160.00,340.00,,in_stock,StockX,Kick Game Supply,"DS, OG box",https://placehold.co/720x720/12122A/FFFFFF.png?text=Nike+Air+Jordan+1+Retro+High+Front,https://placehold.co/720x720/1E1E40/FFFFFF.png?text=Nike+Air+Jordan+1+Retro+High+Back,"=IMAGE(""https://placehold.co/720x720/12122A/FFFFFF.png?text=Nike+Air+Jordan+1+Retro+High+Front"")","=IMAGE(""https://placehold.co/720x720/1E1E40/FFFFFF.png?text=Nike+Air+Jordan+1+Retro+High+Back"")",11 (1),manual,,2026-04-25T05:01:55.224440-04:00,2026-04-25T05:01:55.224440-04:00
67c5ff0d-387e-4781-87f7-865736d2a9f3,Nike Air Jordan 1 Retro High OG,Sneakers,NKE-AJ1-HOG-10,,10,Bred,New,1,160.00,380.00,,in_stock,StockX,Kick Game Supply,"DS, OG box",https://placehold.co/720x720/12122A/FFFFFF.png?text=Nike+Air+Jordan+1+Retro+High+Front,https://placehold.co/720x720/1E1E40/FFFFFF.png?text=Nike+Air+Jordan+1+Retro+High+Back,"=IMAGE(""https://placehold.co/720x720/12122A/FFFFFF.png?text=Nike+Air+Jordan+1+Retro+High+Front"")","=IMAGE(""https://placehold.co/720x720/1E1E40/FFFFFF.png?text=Nike+Air+Jordan+1+Retro+High+Back"")",10 (1),manual,,2026-04-25T05:01:55.224438-04:00,2026-04-25T05:01:55.224438-04:00
ff7c3b23-e9bd-45b6-8e8a-81c6eefd4248,GoPro Hero 11,Electronics,GPRO-H11-BLK,,,Black,Like New,2,200.00,290.00,,in_stock,eBay,Drone Depot,,https://placehold.co/720x720/12122A/FFFFFF.png?text=GoPro+Hero+11+Front,https://placehold.co/720x720/1E1E40/FFFFFF.png?text=GoPro+Hero+11+Back,"=IMAGE(""https://placehold.co/720x720/12122A/FFFFFF.png?text=GoPro+Hero+11+Front"")","=IMAGE(""https://placehold.co/720x720/1E1E40/FFFFFF.png?text=GoPro+Hero+11+Back"")",,manual,,2026-04-25T05:01:55.224436-04:00,2026-04-25T05:01:55.224436-04:00
4ea0d8e8-8b5a-4bd8-9a6c-feee79a75421,DJI Mini 3 Pro,Electronics,DJI-M3P-001,,,,Good,1,450.00,620.00,,in_stock,eBay,Drone Depot,,https://placehold.co/720x720/12122A/FFFFFF.png?text=DJI+Mini+3+Pro+Front,https://placehold.co/720x720/1E1E40/FFFFFF.png?text=DJI+Mini+3+Pro+Back,"=IMAGE(""https://placehold.co/720x720/12122A/FFFFFF.png?text=DJI+Mini+3+Pro+Front"")","=IMAGE(""https://placehold.co/720x720/1E1E40/FFFFFF.png?text=DJI+Mini+3+Pro+Back"")",,manual,,2026-04-25T05:01:55.224434-04:00,2026-04-25T05:01:55.224434-04:00
04e1205d-e253-49bb-a53f-eaa6adb4add7,Bose QuietComfort 45,Audio,BOSE-QC45-BLK,,,Black,Like New,2,150.00,240.00,,in_stock,Amazon,Audio Surplus,,https://placehold.co/720x720/12122A/FFFFFF.png?text=Bose+QuietComfort+45+Front,https://placehold.co/720x720/1E1E40/FFFFFF.png?text=Bose+QuietComfort+45+Back,"=IMAGE(""https://placehold.co/720x720/12122A/FFFFFF.png?text=Bose+QuietComfort+45+Front"")","=IMAGE(""https://placehold.co/720x720/1E1E40/FFFFFF.png?text=Bose+QuietComfort+45+Back"")",,manual,,2026-04-25T05:01:55.224432-04:00,2026-04-25T05:01:55.224432-04:00
a69aa953-2570-410c-bc93-0962fb1fea6f,AirPods Pro 2nd Gen,Audio,APPL-APP-2G,,,White,Good,6,130.00,195.00,,in_stock,eBay,Tech Resale Co,,https://placehold.co/720x720/12122A/FFFFFF.png?text=AirPods+Pro+2nd+Gen+Front,https://placehold.co/720x720/1E1E40/FFFFFF.png?text=AirPods+Pro+2nd+Gen+Back,"=IMAGE(""https://placehold.co/720x720/12122A/FFFFFF.png?text=AirPods+Pro+2nd+Gen+Front"")","=IMAGE(""https://placehold.co/720x720/1E1E40/FFFFFF.png?text=AirPods+Pro+2nd+Gen+Back"")",,lightspeed,,2026-04-25T05:01:55.224430-04:00,2026-04-25T05:01:55.224430-04:00
77a26ff2-a6fd-4289-941c-5455698e666f,Sony WH-1000XM5,Audio,SONY-WH-XM5,,,Midnight Black,Good,5,140.00,220.00,,in_stock,eBay,Audio Surplus,,https://placehold.co/720x720/12122A/FFFFFF.png?text=Sony+WH-1000XM5+Front,https://placehold.co/720x720/1E1E40/FFFFFF.png?text=Sony+WH-1000XM5+Back,"=IMAGE(""https://placehold.co/720x720/12122A/FFFFFF.png?text=Sony+WH-1000XM5+Front"")","=IMAGE(""https://placehold.co/720x720/1E1E40/FFFFFF.png?text=Sony+WH-1000XM5+Back"")",,manual,,2026-04-25T05:01:55.224428-04:00,2026-04-25T05:01:55.224428-04:00
fcb2be07-197b-4674-8ea8-90a093180965,Xbox Series X,Gaming,XBOX-SX-BLK,,,Black,Like New,1,380.00,460.00,,in_stock,eBay,GameStop Wholesale,,https://placehold.co/720x720/12122A/FFFFFF.png?text=Xbox+Series+X+Front,https://placehold.co/720x720/1E1E40/FFFFFF.png?text=Xbox+Series+X+Back,"=IMAGE(""https://placehold.co/720x720/12122A/FFFFFF.png?text=Xbox+Series+X+Front"")","=IMAGE(""https://placehold.co/720x720/1E1E40/FFFFFF.png?text=Xbox+Series+X+Back"")",,lightspeed,,2026-04-25T05:01:55.224426-04:00,2026-04-25T05:01:55.224426-04:00
ebb906f6-b47d-46b0-973c-d9dd125fc0c4,Nintendo Switch OLED,Gaming,NINT-SWO-WHT,,,White,Good,3,240.00,310.00,,in_stock,eBay,GameStop Wholesale,,https://placehold.co/720x720/12122A/FFFFFF.png?text=Nintendo+Switch+OLED+Front,https://placehold.co/720x720/1E1E40/FFFFFF.png?text=Nintendo+Switch+OLED+Back,"=IMAGE(""https://placehold.co/720x720/12122A/FFFFFF.png?text=Nintendo+Switch+OLED+Front"")","=IMAGE(""https://placehold.co/720x720/1E1E40/FFFFFF.png?text=Nintendo+Switch+OLED+Back"")",,manual,,2026-04-25T05:01:55.224424-04:00,2026-04-25T05:01:55.224424-04:00
25aae08c-57d6-4554-84c3-d62e73f6c5c5,PS5 Disc Edition,Gaming,SONY-PS5-DISC,,,White,Like New,2,380.00,480.00,,in_stock,eBay,GameStop Wholesale,,https://placehold.co/720x720/12122A/FFFFFF.png?text=PS5+Disc+Edition+Front,https://placehold.co/720x720/1E1E40/FFFFFF.png?text=PS5+Disc+Edition+Back,"=IMAGE(""https://placehold.co/720x720/12122A/FFFFFF.png?text=PS5+Disc+Edition+Front"")","=IMAGE(""https://placehold.co/720x720/1E1E40/FFFFFF.png?text=PS5+Disc+Edition+Back"")",,lightspeed,,2026-04-25T05:01:55.224422-04:00,2026-04-25T05:01:55.224422-04:00
f2b27c40-fcf8-47bc-95ac-f43916215bb4,MacBook Air M1 8GB,Electronics,APPL-MBA-M1-8,,,Gold,Good,1,650.00,870.00,,in_stock,eBay,Budget Laptops LLC,,https://placehold.co/720x720/12122A/FFFFFF.png?text=MacBook+Air+M1+8GB+Front,https://placehold.co/720x720/1E1E40/FFFFFF.png?text=MacBook+Air+M1+8GB+Back,"=IMAGE(""https://placehold.co/720x720/12122A/FFFFFF.png?text=MacBook+Air+M1+8GB+Front"")","=IMAGE(""https://placehold.co/720x720/1E1E40/FFFFFF.png?text=MacBook+Air+M1+8GB+Back"")",,manual,,2026-04-25T05:01:55.224420-04:00,2026-04-25T05:01:55.224420-04:00
6b6f56c8-4f74-41a0-ae81-66c5f823d024,iPad Mini 6 256GB,Electronics,APPL-IPM6-256,,,Purple,Like New,1,440.00,570.00,,in_stock,eBay,Tech Resale Co,,https://placehold.co/720x720/12122A/FFFFFF.png?text=iPad+Mini+6+256GB+Front,https://placehold.co/720x720/1E1E40/FFFFFF.png?text=iPad+Mini+6+256GB+Back,"=IMAGE(""https://placehold.co/720x720/12122A/FFFFFF.png?text=iPad+Mini+6+256GB+Front"")","=IMAGE(""https://placehold.co/720x720/1E1E40/FFFFFF.png?text=iPad+Mini+6+256GB+Back"")",,lightspeed,,2026-04-25T05:01:55.224418-04:00,2026-04-25T05:01:55.224418-04:00
6d2fd547-1f96-459e-9afd-e3683a402961,iPad Air 5th Gen 64GB,Electronics,APPL-IPA5-64,,,Space Gray,Good,2,330.00,480.00,,in_stock,eBay,Tech Resale Co,,https://placehold.co/720x720/12122A/FFFFFF.png?text=iPad+Air+5th+Gen+64GB+Front,https://placehold.co/720x720/1E1E40/FFFFFF.png?text=iPad+Air+5th+Gen+64GB+Back,"=IMAGE(""https://placehold.co/720x720/12122A/FFFFFF.png?text=iPad+Air+5th+Gen+64GB+Front"")","=IMAGE(""https://placehold.co/720x720/1E1E40/FFFFFF.png?text=iPad+Air+5th+Gen+64GB+Back"")",,lightspeed,,2026-04-25T05:01:55.224415-04:00,2026-04-25T05:01:55.224416-04:00
b712e80c-981b-4ba3-8d75-ff50c3352acb,Google Pixel 7,Electronics,GOOG-PX7-128,,,Snow,Fair,2,180.00,260.00,,in_stock,Mercari,Metro Wireless,,https://placehold.co/720x720/12122A/FFFFFF.png?text=Google+Pixel+7+Front,https://placehold.co/720x720/1E1E40/FFFFFF.png?text=Google+Pixel+7+Back,"=IMAGE(""https://placehold.co/720x720/12122A/FFFFFF.png?text=Google+Pixel+7+Front"")","=IMAGE(""https://placehold.co/720x720/1E1E40/FFFFFF.png?text=Google+Pixel+7+Back"")",,manual,,2026-04-25T05:01:55.224413-04:00,2026-04-25T05:01:55.224414-04:00
35799ba5-4797-4638-bc5c-8e4ffad55938,Samsung Galaxy S23,Electronics,SAMS-S23-256,,,Phantom Black,Good,4,320.00,460.00,,in_stock,eBay,Metro Wireless,,https://placehold.co/720x720/12122A/FFFFFF.png?text=Samsung+Galaxy+S23+Front,https://placehold.co/720x720/1E1E40/FFFFFF.png?text=Samsung+Galaxy+S23+Back,"=IMAGE(""https://placehold.co/720x720/12122A/FFFFFF.png?text=Samsung+Galaxy+S23+Front"")","=IMAGE(""https://placehold.co/720x720/1E1E40/FFFFFF.png?text=Samsung+Galaxy+S23+Back"")",,manual,,2026-04-25T05:01:55.224411-04:00,2026-04-25T05:01:55.224412-04:00
55f8a7b6-3443-4b9a-9c20-b9dfb8737586,iPhone 14 256GB,Electronics,APPL-IP14-256,,,Starlight,Like New,2,480.00,660.00,,in_stock,eBay,Tech Resale Co,,https://placehold.co/720x720/12122A/FFFFFF.png?text=iPhone+14+256GB+Front,https://placehold.co/720x720/1E1E40/FFFFFF.png?text=iPhone+14+256GB+Back,"=IMAGE(""https://placehold.co/720x720/12122A/FFFFFF.png?text=iPhone+14+256GB+Front"")","=IMAGE(""https://placehold.co/720x720/1E1E40/FFFFFF.png?text=iPhone+14+256GB+Back"")",,lightspeed,,2026-04-25T05:01:55.224409-04:00,2026-04-25T05:01:55.224409-04:00
890fee75-5fb0-4640-afc6-ad95c7a57c00,iPhone 13 128GB,Electronics,APPL-IP13-128,,,Midnight,Good,3,280.00,420.00,,in_stock,eBay,Tech Resale Co,,https://placehold.co/720x720/12122A/FFFFFF.png?text=iPhone+13+128GB+Front,https://placehold.co/720x720/1E1E40/FFFFFF.png?text=iPhone+13+128GB+Back,"=IMAGE(""https://placehold.co/720x720/12122A/FFFFFF.png?text=iPhone+13+128GB+Front"")","=IMAGE(""https://placehold.co/720x720/1E1E40/FFFFFF.png?text=iPhone+13+128GB+Back"")",,lightspeed,,2026-04-25T05:01:55.224402-04:00,2026-04-25T05:01:55.224406-04:00
